<application>
  <component name="FileTypeManager" version="17">
    <ignoreFiles list="*.hprof;*.idea;*.iml;*.pyc;*.pyo;*.rbc;*.yarb;*~;.DS_Store;.git;.hg;.svn;CVS;__pycache__;_svn;vssver.scc;vssver2.scc;" />
    <extensionMap>
      <mapping ext="klib" type="ARCHIVE" />
      <mapping pattern="index" type="HTML" />
      <mapping ext="cpt" type="PLAIN_TEXT" />
      <mapping ext="conf" type="PLAIN_TEXT" />
      <mapping pattern="applicationContext-solr" type="XML" />
      <mapping pattern="TransformerMonitorMapper" type="XML" />
      <mapping ext="-databasexml" type="XML" />
    </extensionMap>
  </component>
</application>