<application>
  <component name="FindSettings">
    <option name="customScope" value="Project and Libraries" />
    <option name="defaultScopeName" value="Project and Libraries" />
    <option name="skipResultsWithOneUsage" value="true" />
    <option name="SKIP_RESULTS_WHEN_ONE_USAGE" value="true" />
    <option name="SEARCH_SCOPE" value="Project and Libraries" />
    <mask>*.properties</mask>
    <mask>*.html</mask>
    <mask>*.jsp</mask>
    <mask>*.js</mask>
    <mask>*.as</mask>
    <mask>*.css</mask>
    <mask>*.mxml</mask>
    <mask>*</mask>
    <mask>*.yml</mask>
    <mask>*.*</mask>
    <mask>*.xml</mask>
    <mask>*.java</mask>
    <mask>*.pom</mask>
  </component>
</application>