<application>
  <component name="ExternalResourceManagerImpl">
    <resource url="http://cocoon.apache.org/schema/avalon/cocoon-avalon-1.0.xsd" location="$USER_HOME$/.IntelliJIdea2018.1/system/extResources/323b6aae_cocoon-avalon-1.0.xsd" />
    <resource url="http://cocoon.apache.org/schema/configurator/cocoon-configurator-1.0.1.xsd" location="$USER_HOME$/.IntelliJIdea2018.1/system/extResources/70c0441d_cocoon-configurator-1.0.1.xsd" />
    <resource url="http://mybatis.org/dtd/mybatis-generator-config_1_0.dtd" location="$USER_HOME$/.IntelliJIdea2018.3/system/extResources/cf63db72_mybatis-generator-config_1_0.dtd" />
    <resource url="http://www.springframework.org/schema/beans/spring-beans-2.0.xsd" location="$USER_HOME$/.IntelliJIdea2018.1/system/extResources/6e49288e_spring-beans-2.0.xsd" />
    <resource url="http://www.springframework.org/schema/tool/spring-tool-2.0.xsd" location="$USER_HOME$/.IntelliJIdea2018.1/system/extResources/2a73ae60_spring-tool-2.0.xsd" />
    <resource url="http://www.springframework.org/schema/util/spring-util-2.0.xsd" location="$USER_HOME$/.IntelliJIdea2018.1/system/extResources/a8bb5834_spring-util-2.0.xsd" />
    <ignored-resource url="http://www.springframework.org/schema/aop" />
    <ignored-resource url="http://www.springframework.org/schema/context" />
    <ignored-resource url="http://www.springframework.org/schema/mvc" />
    <ignored-resource url="http://www.springframework.org/schema/tx" />
  </component>
</application>