<keymap version="1" name="Eclipse copy 2" parent="Eclipse">
  <action id="ChangesView.SetDefault" />
  <action id="CloseActiveTab" />
  <action id="CodeCompletion" />
  <action id="Console.TableResult.SelectRow" />
  <action id="Diff.FocusOppositePane" />
  <action id="EditorUnindentSelection" />
  <action id="FindPrevious" />
  <action id="GotoTest">
    <keyboard-shortcut first-keystroke="ctrl w" />
  </action>
  <action id="GuiDesigner.DecreaseIndent" />
  <action id="NewClass">
    <keyboard-shortcut first-keystroke="shift q" />
  </action>
  <action id="PrevParameter" />
  <action id="PrevTemplateParameter" />
  <action id="PreviousTemplateVariable" />
  <action id="ReformatCode">
    <keyboard-shortcut first-keystroke="shift ctrl f" />
  </action>
  <action id="SearchEverywhere.PrevTab" />
  <action id="Switcher">
    <keyboard-shortcut first-keystroke="shift ctrl tab" />
  </action>
  <action id="mybatis.AutoCoding">
    <keyboard-shortcut first-keystroke="ctrl tab" />
  </action>
  <action id="mybatis.genMybatisCode">
    <keyboard-shortcut first-keystroke="shift tab" />
  </action>
</keymap>